[

    {
        "id":1,
        "name":"Akshit",
        "Email": "aKshit@gmail.com",
        "DOB":"12/2/87",
        "Country":"India"
    },
    
    {
        "id":2,
        "name":"Chandresh",
        "Email": "chandreshkhurana@gmail.com",
        "DOB":"18/2/2000",
        "Country":"India"
    },
    
    {
        "id":3,
        "name":"Sunaina",
        "Email": "suni@gmail.com",
        "DOB":"26/12/11",
        "Country":"Pakistan"
    },
    
    {
        "id":4,
        "name":"Abdul",
        "Email": "Abd@gmail.com",
        "DOB":"5/06/95",
        "Country":"United Kingdome"
    },
    
    {
        "id":5,
        "name":"Arjumand",
        "Email": "arjumand@gmail.com",
        "DOB":"25/06/85",
        "Country":"India"
    },
    
    {
        "id":6,
        "name":"Nikita",
        "Email": "nik@gmail.com",
        "DOB":"2/2/87",
        "Country":"Japan"
    },
    {
        "id":7,
        "name":"Akshit",
        "Email": "aKshit@gmail.com",
        "DOB":"12/2/87",
        "Country":"India"
    },
    
    {
        "id":8,
        "name":"Aparna",
        "Email": "ab@gmail.com",
        "DOB":"12/2/87",
        "Country":"India"
    },
    
    {
        "id":9,
        "name":"Aakash",
        "Email": "aK@gmail.com",
        "DOB":"14/5/97",
        "Country":"Bangladesh"
    }
]